zookeeper.connect,127.0.0.1:9999
zookeeper.connect,173.230.3.13:8001
zookeeper.connect,255.255.255.255
zookeeper.connect,1.1.1.1.1
zookeeper.connect,12345
zookeeper.session.timeout.ms,1000
zookeeper.session.timeout.ms,0
zookeeper.session.timeout.ms,10000
zookeeper.session.timeout.ms,-1
zookeeper.session.timeout.ms,2147483648
zookeeper.connection.timeout.ms,1000
zookeeper.connection.timeout.ms,0
zookeeper.connection.timeout.ms,10000
zookeeper.connection.timeout.ms,-1
zookeeper.connection.timeout.ms,2147483648
zookeeper.set.acl,true
zookeeper.set.acl,false
zookeeper.max.in.flight.requests,3
zookeeper.max.in.flight.requests,0
zookeeper.max.in.flight.requests,10000
zookeeper.max.in.flight.requests,-1
zookeeper.max.in.flight.requests,2147483648
zookeeper.ssl.client.enable,true
zookeeper.ssl.client.enable,false